{
    "1": {
        "Root": {},
        "Node": {
            "name": "root",
            "parent_entity_id": null,
            "entity_id": 1
        }
    },
    "2": {
        "World": {},
        "Transform": {
            "X_PT": [
                1.0,
                0.0,
                0.0,
                0.0,
                0.0,
                1.0,
                0.0,
                0.0,
                0.0,
                0.0,
                1.0,
                0.0,
                0.0,
                0.0,
                0.0,
                1.0
            ],
            "locked": false,
            "visible": true,
            "modifiable": false
        },
        "Nestable": {
            "type": "transform",
            "source": 0,
            "target": 1
        },
        "Node": {
            "name": "World",
            "parent_entity_id": 1,
            "entity_id": 2
        }
    },
    "3": {
        "ArucoMarker": {
            "id": 1,
            "square_length": 0.09000000357627869,
            "marker_length": 0.07000000029802322,
            "marker_dict": 0
        },
        "Transform": {
            "X_PT": [
                0.9999997856793906,
                2.3875885401396077e-07,
                -1.4495385049854907e-08,
                0.11928342538673353,
                1.01467070033063e-06,
                1.0000007316287012,
                3.9479712105720274e-09,
                1.4297368916560416e-07,
                5.246363216545346e-08,
                4.231249797143365e-09,
                1.0000003069219272,
                0.0808560138963269,
                0.0,
                0.0,
                0.0,
                1.0
            ],
            "locked": false,
            "visible": true,
            "modifiable": true
        },
        "Deletable": {},
        "Draggable": {
            "type": "transform"
        },
        "Nestable": {
            "type": "transform",
            "source": 1,
            "target": 0
        },
        "Node": {
            "name": "Marker",
            "parent_entity_id": 2,
            "entity_id": 3
        }
    },
    "4": {
        "Transform": {
            "X_PT": [
                1.0,
                0.0,
                0.0,
                0.0,
                0.0,
                1.0,
                0.0,
                0.0,
                0.0,
                0.0,
                1.0,
                0.0,
                0.0,
                0.0,
                0.0,
                1.0
            ],
            "locked": false,
            "visible": true,
            "modifiable": false
        },
        "Franka": {
            "name": "noname",
            "ip": "10.103.1.111",
            "username": "admin",
            "password": "Password!"
        },
        "Deletable": {},
        "Draggable": {
            "type": "transform"
        },
        "Nestable": {
            "type": "transform",
            "source": 0,
            "target": 1
        },
        "Node": {
            "name": "Robot",
            "parent_entity_id": 2,
            "entity_id": 4
        }
    },
    "5": {
        "PoseFolder": {},
        "Node": {
            "name": "Poses",
            "parent_entity_id": 4,
            "entity_id": 5
        }
    },
    "6": {
        "Transform": {
            "X_PT": [
                1.0,
                0.0,
                0.0,
                0.0,
                0.0,
                1.0,
                0.0,
                0.0,
                0.0,
                0.0,
                1.0,
                0.0,
                0.0,
                0.0,
                0.0,
                1.0
            ],
            "locked": false,
            "visible": true,
            "modifiable": false
        },
        "Nestable": {
            "type": "transform",
            "source": 0,
            "target": 1
        },
        "Mesh": {
            "mesh_path": "robots/panda/meshes/link0.stl"
        },
        "FrankaLink": {
            "robot_id": 4,
            "link_name": "panda_link0"
        },
        "Node": {
            "name": "L0",
            "parent_entity_id": 4,
            "entity_id": 6
        }
    },
    "7": {
        "Transform": {
            "X_PT": [
                0.9984781725419232,
                -0.05514833594353875,
                0.0,
                0.0,
                0.05514833594353875,
                0.9984781725419232,
                0.0,
                0.0,
                0.0,
                0.0,
                1.0,
                0.333,
                0.0,
                0.0,
                0.0,
                1.0
            ],
            "locked": false,
            "visible": true,
            "modifiable": false
        },
        "Nestable": {
            "type": "transform",
            "source": 0,
            "target": 1
        },
        "Mesh": {
            "mesh_path": "robots/panda/meshes/link1.stl"
        },
        "FrankaLink": {
            "robot_id": 4,
            "link_name": "panda_link1"
        },
        "Node": {
            "name": "L1",
            "parent_entity_id": 6,
            "entity_id": 7
        }
    },
    "8": {
        "Transform": {
            "X_PT": [
                0.978501971125293,
                0.20623746629532844,
                -3.630726538202522e-18,
                0.0,
                -1.0098778162100174e-12,
                4.791370898862729e-12,
                1.0,
                0.0,
                0.2062374662953284,
                -0.9785019711252928,
                4.896638650109253e-12,
                0.0,
                0.0,
                0.0,
                0.0,
                1.0
            ],
            "locked": false,
            "visible": true,
            "modifiable": false
        },
        "Nestable": {
            "type": "transform",
            "source": 0,
            "target": 1
        },
        "Mesh": {
            "mesh_path": "robots/panda/meshes/link2.stl"
        },
        "FrankaLink": {
            "robot_id": 4,
            "link_name": "panda_link2"
        },
        "Node": {
            "name": "L2",
            "parent_entity_id": 7,
            "entity_id": 8
        }
    },
    "9": {
        "Transform": {
            "X_PT": [
                0.9996798571903835,
                0.02530184040369659,
                -7.962125743135813e-19,
                -1.3877787807814457e-17,
                -1.239284558097649e-13,
                4.89507035871628e-12,
                -0.9999999999999999,
                -0.31599999999999995,
                -0.02530184040369659,
                0.9996798571903838,
                4.8966380621796385e-12,
                1.8369302573917123e-19,
                0.0,
                0.0,
                0.0,
                1.0
            ],
            "locked": false,
            "visible": true,
            "modifiable": false
        },
        "Nestable": {
            "type": "transform",
            "source": 0,
            "target": 1
        },
        "Mesh": {
            "mesh_path": "robots/panda/meshes/link3.stl"
        },
        "FrankaLink": {
            "robot_id": 4,
            "link_name": "panda_link3"
        },
        "Node": {
            "name": "L3",
            "parent_entity_id": 8,
            "entity_id": 9
        }
    },