{
    "1": {
        "Root": {},
        "Node": {
            "name": "root",
            "parent_entity_id": null,
            "entity_id": 1
        }
    },
    "2": {
        "World": {},
        "Transform": {
            "X_PT": [
                1.0,
                0.0,
                0.0,
                0.0,
                0.0,
                1.0,
                0.0,
                0.0,
                0.0,
                0.0,
                1.0,
                0.0,
                0.0,
                0.0,
                0.0,
                1.0
            ],
            "locked": false,
            "visible": true,
            "modifiable": false
        },
        "Nestable": {
            "type": "transform",
            "source": 0,
            "target": 1
        },
        "Node": {
            "name": "World",
            "parent_entity_id": 1,
            "entity_id": 2
        }
    },
    "13": {
        "ArucoMarker": {
            "id": 3,
            "square_length": 0.09000000357627869,
            "marker_length": 0.07000000029802322,
            "marker_dict": 0
        },
        "Transform": {
            "X_PT": [
                -0.05485430879921032,
                0.03876104289948608,
                0.9977419357455819,
                0.027167107390357992,
                -0.994132197356134,
                -0.09542459073065654,
                -0.050948513823166175,
                0.03367309709220615,
                0.09323401999462747,
                -0.9946822271530102,
                0.043768204536492876,
                0.05676714643356995,
                0.0,
                0.0,
                0.0,
                1.0
            ],
            "locked": false,
            "visible": true,
            "modifiable": true
        },
        "Deletable": {},
        "Draggable": {
            "type": "transform"
        },
        "Nestable": {
            "type": "transform",
            "source": 1,
            "target": 0
        },
        "ImageQuad": {
            "texture_id": 5,
            "top_left": [
                -0.035,
                0.035,
                0.0
            ],
            "top_right": [
                0.035,
                0.035,
                0.0
            ],
            "bot_right": [
                0.035,
                -0.035,
                0.0
            ],
            "bot_left": [
                -0.035,
                -0.035,
                0.0
            ]
        },
        "Node": {
            "name": "Marker 3",
            "parent_entity_id": 2,
            "entity_id": 13
        }
    },
    "14": {
        "Transform": {
            "X_PT": [
                1.0,
                0.0,
                0.0,
                0.0,
                0.0,
                1.0,
                0.0,
                0.0,
                0.0,
                0.0,
                1.0,
                0.0,
                0.0,
                0.0,
                0.0,
                1.0
            ],
            "locked": false,
            "visible": true,
            "modifiable": false
        },
        "Franka": {
            "name": "noname",
            "ip": "10.103.1.111",
            "username": "admin",
            "password": "Password!"
        },
        "Deletable": {},
        "Draggable": {
            "type": "transform"
        },
        "Nestable": {
            "type": "transform",
            "source": 0,
            "target": 1
        },
        "Node": {
            "name": "Robot",
            "parent_entity_id": 2,
            "entity_id": 14
        }
    },
    "15": {
        "PoseFolder": {},
        "Node": {
            "name": "Poses",
            "parent_entity_id": 14,
            "entity_id": 15
        }
    },
    "16": {
        "Transform": {
            "X_PT": [
                1.0,
                0.0,
                0.0,
                0.0,
                0.0,
                1.0,
                0.0,
                0.0,
                0.0,
                0.0,
                1.0,
                0.0,
                0.0,
                0.0,
                0.0,
                1.0
            ],
            "locked": false,
            "visible": true,
            "modifiable": false
        },
        "Nestable": {
            "type": "transform",
            "source": 0,
            "target": 1
        },
        "Mesh": {
            "mesh_path": "robots/panda/meshes/link0.stl"
        },
        "FrankaLink": {
            "robot_id": 14,
            "link_name": "panda_link0"
        },
        "Node": {
            "name": "L0",
            "parent_entity_id": 14,
            "entity_id": 16
        }
    },
    "17": {
        "Transform": {
            "X_PT": [
                0.9999981944384787,
                -0.0019002946567804812,
                0.0,
                0.0,
                0.0019002946567804812,
                0.9999981944384787,
                0.0,
                0.0,
                0.0,
                0.0,
                1.0,
                0.333,
                0.0,
                0.0,
                0.0,
                1.0
            ],
            "locked": false,
            "visible": true,
            "modifiable": false
        },
        "Nestable": {
            "type": "transform",
            "source": 0,
            "target": 1
        },
        "Mesh": {
            "mesh_path": "robots/panda/meshes/link1.stl"
        },
        "FrankaLink": {
            "robot_id": 14,
            "link_name": "panda_link1"
        },
        "Node": {
            "name": "L1",
            "parent_entity_id": 16,
            "entity_id": 17
        }
    },
    "18": {
        "Transform": {
            "X_PT": [
                0.7075595381472386,
                0.7066537341420238,
                9.281655550429851e-20,
                0.0,
                -3.4602277304616175e-12,
                3.4646634377633006e-12,
                0.9999999999999999,
                0.0,
                0.7066537341420239,
                -0.7075595381472387,
                4.896638650109253e-12,
                0.0,
                0.0,
                0.0,
                0.0,
                1.0
            ],
            "locked": false,
            "visible": true,
            "modifiable": false
        },
        "Nestable": {
            "type": "transform",
            "source": 0,
            "target": 1
        },
        "Mesh": {
            "mesh_path": "robots/panda/meshes/link2.stl"
        },
        "FrankaLink": {
            "robot_id": 14,
            "link_name": "panda_link2"
        },
        "Node": {
            "name": "L2",
            "parent_entity_id": 17,
            "entity_id": 18
        }
    },
    "19": {
        "Transform": {
            "X_PT": [
                0.9999989991156983,
                0.0014148383658601938,
                8.318061831621773e-17,
                2.7755575615628914e-17,
                -7.089186544090879e-15,
                4.896633402145672e-12,
                -1.0000000000000002,
                -0.31600000000000006,
                -0.001414838365860194,
                0.9999989991156982,
                4.89663887485302e-12,
                6.671861772697686e-20,
                0.0,
                0.0,
                0.0,
                1.0
            ],
            "locked": false,
            "visible": true,
            "modifiable": false
        },
        "Nestable": {
            "type": "transform",
            "source": 0,
            "target": 1
        },
        "Mesh": {
            "mesh_path": "robots/panda/meshes/link3.stl"
        },
        "FrankaLink": {
            "robot_id": 14,
            "link_name": "panda_link3"
        },
        "Node": {
            "name": "L3",
            "parent_entity_id": 18,
            "entity_id": 19
        }
    },